 best_model: {'scl': StandardScaler(), 'reg': MultiOutputRegressor(estimator=Lasso(alpha=0.001))}
train_score: 1.89 (0.02)
test_score: 1.90 (0.08)
fit_time: 0.01 (0.00)
mean_train_score,std_train_score,mean_test_score,std_test_score,mean_fit_time,std_fit_time,reg__estimator__alpha
-1.8858837468609273,0.019973116661393602,-1.902574661689402,0.07857759724095664,0.008577346801757812,0.0013524728268305122,0.0001
-1.8858542439397141,0.019982861266813742,-1.9025083246608232,0.07846837670968353,0.007779312133789062,0.00039813519594976144,0.001
-1.886674862072736,0.020100018793699825,-1.903091653000547,0.07729627286774644,0.007778453826904297,0.0003988982208830506,0.01
-1.9118100993829164,0.019467102476282548,-1.924452891495185,0.07566051318470696,0.00638284683227539,0.0004889870223749016,0.1
-2.5157959483864705,0.02222359962757559,-2.52556937347216,0.08293386435006762,0.005784225463867187,0.00039920940731569645,1.0
