best_model: {'scl': StandardScaler(), 'reg': MultiOutputRegressor(estimator=Ridge())}
train_score: 1.89 (0.03)
test_score: 1.92 (0.11)
fit_time: 0.00 (0.01)
mean_train_score,std_train_score,mean_test_score,std_test_score,mean_fit_time,std_fit_time,reg__estimator__alpha
-1.8919212875972504,0.027603614994682182,-1.9152373887946275,0.10737850491060931,0.0,0.0,0.0001
-1.8919213017469272,0.027603618806488903,-1.9152373196701369,0.10737845455651038,0.0,0.0,0.001
-1.8919214435522527,0.027603656927077995,-1.9152366287945473,0.1073779510556914,0.006268119812011719,0.007676847593029364,0.01
-1.8919228924395957,0.027604038383272286,-1.9152297569399974,0.10737292005999792,0.0,0.0,0.1
-1.8919404431254851,0.02760787594149272,-1.9151646982044679,0.1073230066631972,0.0031239986419677734,0.006247997283935547,1.0
