best_model: {'scl': StandardScaler(), 'reg': RegressorChain(base_estimator=SVR(gamma=0.1))}
train_score: 1.08 (0.01)
test_score: 1.20 (0.04)
fit_time: 0.21 (0.02)
mean_train_score,std_train_score,mean_test_score,std_test_score,mean_fit_time,std_fit_time,reg__base_estimator__C,reg__base_estimator__gamma
-5.6759231473026635,0.037572665856372735,-5.691480043660226,0.11094866335850585,0.17291488647460937,0.01583959890835802,0.01,0.1
-7.338076742138145,0.047814979248258616,-7.349007128989967,0.1318910294336916,0.18969192504882812,0.016525900063326243,0.01,5.05
-7.338953324854964,0.047753097021148855,-7.349669307369231,0.13191861231793073,0.19767117500305176,0.00760602713692421,0.01,10.0
-1.137536198944539,0.011197532884129415,-1.226177448283316,0.032430287082117454,0.1647590160369873,0.002475249561051563,0.505,0.1
-7.0295630562357845,0.04747441609415333,-7.314509610383006,0.13440036227752195,0.23098182678222656,0.020868578042811593,0.505,5.05
-7.074670049347394,0.047297454422509926,-7.345162915031425,0.13377206754202417,0.1988461971282959,0.003046131638622747,0.505,10.0
-1.0804537309256275,0.011193039677842425,-1.2013941391245735,0.03801966981253097,0.21003799438476561,0.02356403111419551,1.0,0.1
-6.647261567764,0.045902223076990344,-7.280235065506747,0.13590661070345197,0.22180624008178712,0.02240404311776168,1.0,5.05
-6.753626921055931,0.047319964875424066,-7.339901072536516,0.13435880099827813,0.22679314613342286,0.020366908439377183,1.0,10.0
